Scenario,Metric,Model,mean,std,median,min,max
Risk + screening tests,Balanced_accuracy,Decision Tree,0.875,0.083,0.892,0.669,0.986
Risk + screening tests,Balanced_accuracy,Dummy,0.5,0.0,0.5,0.5,0.5
Risk + screening tests,Balanced_accuracy,Logistic Regression,0.896,0.065,0.91,0.78,0.991
Risk + screening tests,Balanced_accuracy,Random Forest,0.911,0.063,0.919,0.768,0.991
Risk + screening tests,Balanced_accuracy,SVM,0.871,0.077,0.852,0.705,0.995
Risk + screening tests,Balanced_accuracy,XGBoost,0.902,0.07,0.915,0.732,0.991
Risk + screening tests,F1,Decision Tree,0.621,0.114,0.632,0.4,0.842
Risk + screening tests,F1,Dummy,0.0,0.0,0.0,0.0,0.0
Risk + screening tests,F1,Logistic Regression,0.69,0.105,0.667,0.5,0.889
Risk + screening tests,F1,Random Forest,0.751,0.09,0.75,0.533,0.889
Risk + screening tests,F1,SVM,0.667,0.118,0.632,0.476,0.941
Risk + screening tests,F1,XGBoost,0.727,0.099,0.737,0.5,0.889
Risk + screening tests,MCC,Decision Tree,0.61,0.124,0.627,0.36,0.841
Risk + screening tests,MCC,Dummy,0.0,0.0,0.0,0.0,0.0
Risk + screening tests,MCC,Logistic Regression,0.678,0.112,0.659,0.467,0.886
Risk + screening tests,MCC,Random Forest,0.74,0.097,0.746,0.503,0.886
Risk + screening tests,MCC,SVM,0.653,0.127,0.627,0.443,0.938
Risk + screening tests,MCC,XGBoost,0.714,0.108,0.739,0.463,0.886
Risk + screening tests,PR_AUC,Decision Tree,0.606,0.189,0.586,0.203,0.934
Risk + screening tests,PR_AUC,Dummy,0.065,0.004,0.068,0.06,0.068
Risk + screening tests,PR_AUC,Logistic Regression,0.656,0.17,0.653,0.352,0.948
Risk + screening tests,PR_AUC,Random Forest,0.703,0.176,0.708,0.469,0.97
Risk + screening tests,PR_AUC,SVM,0.683,0.148,0.685,0.403,0.97
Risk + screening tests,PR_AUC,XGBoost,0.729,0.133,0.673,0.532,0.962
Risk + screening tests,Precision,Decision Tree,0.515,0.104,0.5,0.357,0.727
Risk + screening tests,Precision,Dummy,0.0,0.0,0.0,0.0,0.0
Risk + screening tests,Precision,Logistic Regression,0.597,0.117,0.583,0.385,0.833
Risk + screening tests,Precision,Random Forest,0.68,0.098,0.667,0.5,0.857
Risk + screening tests,Precision,SVM,0.599,0.144,0.556,0.385,1.0
Risk + screening tests,Precision,XGBoost,0.649,0.095,0.625,0.5,0.833
Risk + screening tests,ROC_AUC,Decision Tree,0.883,0.089,0.911,0.655,0.995
Risk + screening tests,ROC_AUC,Dummy,0.5,0.0,0.5,0.5,0.5
Risk + screening tests,ROC_AUC,Logistic Regression,0.933,0.074,0.952,0.703,0.995
Risk + screening tests,ROC_AUC,Random Forest,0.967,0.025,0.963,0.919,0.998
Risk + screening tests,ROC_AUC,SVM,0.948,0.041,0.962,0.853,0.998
Risk + screening tests,ROC_AUC,XGBoost,0.967,0.034,0.976,0.853,0.997
Risk + screening tests,Recall,Decision Tree,0.804,0.168,0.857,0.375,1.0
Risk + screening tests,Recall,Dummy,0.0,0.0,0.0,0.0,0.0
Risk + screening tests,Recall,Logistic Regression,0.833,0.126,0.857,0.625,1.0
Risk + screening tests,Recall,Random Forest,0.851,0.125,0.875,0.571,1.0
Risk + screening tests,Recall,SVM,0.781,0.155,0.75,0.429,1.0
Risk + screening tests,Recall,XGBoost,0.836,0.137,0.875,0.5,1.0
Risk factors only,Balanced_accuracy,Decision Tree,0.561,0.093,0.565,0.4,0.709
Risk factors only,Balanced_accuracy,Dummy,0.5,0.0,0.5,0.5,0.5
Risk factors only,Balanced_accuracy,Logistic Regression,0.561,0.059,0.571,0.457,0.67
Risk factors only,Balanced_accuracy,Random Forest,0.51,0.052,0.491,0.445,0.611
Risk factors only,Balanced_accuracy,SVM,0.549,0.085,0.561,0.402,0.686
Risk factors only,Balanced_accuracy,XGBoost,0.522,0.044,0.508,0.445,0.619
Risk factors only,F1,Decision Tree,0.17,0.116,0.146,0.0,0.381
Risk factors only,F1,Dummy,0.0,0.0,0.0,0.0,0.0
Risk factors only,F1,Logistic Regression,0.15,0.049,0.154,0.062,0.235
Risk factors only,F1,Random Forest,0.083,0.099,0.0,0.0,0.308
Risk factors only,F1,SVM,0.153,0.084,0.154,0.0,0.308
Risk factors only,F1,XGBoost,0.113,0.056,0.095,0.0,0.231
Risk factors only,MCC,Decision Tree,0.095,0.137,0.074,-0.096,0.335
Risk factors only,MCC,Dummy,0.0,0.0,0.0,0.0,0.0
Risk factors only,MCC,Logistic Regression,0.07,0.068,0.074,-0.054,0.186
Risk factors only,MCC,Random Forest,0.022,0.108,-0.033,-0.085,0.278
Risk factors only,MCC,SVM,0.07,0.111,0.083,-0.107,0.26
Risk factors only,MCC,XGBoost,0.029,0.063,0.012,-0.092,0.166
Risk factors only,PR_AUC,Decision Tree,0.112,0.049,0.103,0.047,0.201
Risk factors only,PR_AUC,Dummy,0.065,0.004,0.068,0.06,0.068
Risk factors only,PR_AUC,Logistic Regression,0.121,0.038,0.113,0.066,0.214
Risk factors only,PR_AUC,Random Forest,0.138,0.049,0.141,0.066,0.248
Risk factors only,PR_AUC,SVM,0.15,0.084,0.125,0.059,0.347
Risk factors only,PR_AUC,XGBoost,0.118,0.043,0.108,0.057,0.233
Risk factors only,Precision,Decision Tree,0.13,0.096,0.133,0.0,0.308
Risk factors only,Precision,Dummy,0.0,0.0,0.0,0.0,0.0
Risk factors only,Precision,Logistic Regression,0.095,0.033,0.094,0.042,0.167
Risk factors only,Precision,Random Forest,0.089,0.116,0.0,0.0,0.4
Risk factors only,Precision,SVM,0.109,0.066,0.105,0.0,0.25
Risk factors only,Precision,XGBoost,0.081,0.04,0.077,0.0,0.167
Risk factors only,ROC_AUC,Decision Tree,0.522,0.136,0.542,0.131,0.724
Risk factors only,ROC_AUC,Dummy,0.5,0.0,0.5,0.5,0.5
Risk factors only,ROC_AUC,Logistic Regression,0.572,0.102,0.569,0.398,0.76
Risk factors only,ROC_AUC,Random Forest,0.63,0.084,0.643,0.463,0.798
Risk factors only,ROC_AUC,SVM,0.605,0.108,0.586,0.409,0.814
Risk factors only,ROC_AUC,XGBoost,0.552,0.09,0.549,0.296,0.69
Risk factors only,Recall,Decision Tree,0.297,0.183,0.286,0.0,0.571
Risk factors only,Recall,Dummy,0.0,0.0,0.0,0.0,0.0
Risk factors only,Recall,Logistic Regression,0.377,0.132,0.375,0.125,0.625
Risk factors only,Recall,Random Forest,0.084,0.099,0.0,0.0,0.286
Risk factors only,Recall,SVM,0.287,0.147,0.286,0.0,0.625
Risk factors only,Recall,XGBoost,0.189,0.095,0.143,0.0,0.375
