Scenario,Model,Metric,Mean,Std,Median,Min,Max
Selected risk factors,Logistic Regression,PR_AUC,0.1380271941131372,0.041363995827209,0.1349157811139834,0.079184807960488,0.2366423895443397
Selected risk factors,Logistic Regression,ROC_AUC,0.5981439294650304,0.0912683297641684,0.6060779816513762,0.3984272608125819,0.7660550458715596
Selected risk factors,Logistic Regression,Recall,0.4621428571428571,0.1392692297937593,0.5,0.125,0.7142857142857143
Selected risk factors,Logistic Regression,Precision,0.1086021621072492,0.0416244338167544,0.1052631578947368,0.032258064516129,0.238095238095238
Selected risk factors,Logistic Regression,F1,0.1729305181513193,0.057773130897242,0.1666666666666666,0.0512820512820512,0.3448275862068966
Selected risk factors,Logistic Regression,Balanced_accuracy,0.5911631716906947,0.066898816468834,0.5865825688073394,0.4248853211009174,0.739105504587156
Selected risk factors,Logistic Regression,MCC,0.103267461564854,0.0802061956748783,0.1066239547679366,-0.0859177668907993,0.3145086168174484
Selected risk factors,Random Forest,PR_AUC,0.1319865914924879,0.0514578670568241,0.1369510551256075,0.0538722998906709,0.2223669764935677
Selected risk factors,Random Forest,ROC_AUC,0.560381508399857,0.1137204080451111,0.546526867627785,0.3641055045871559,0.8061926605504587
Selected risk factors,Random Forest,Recall,0.2557142857142857,0.1832055831962708,0.25,0.0,0.625
Selected risk factors,Random Forest,Precision,0.0998635278077296,0.0727253625343576,0.0833333333333333,0.0,0.3
Selected risk factors,Random Forest,F1,0.1373912849859488,0.0933079520758555,0.1111111111111111,0.0,0.3333333333333333
Selected risk factors,Random Forest,Balanced_accuracy,0.5505143572024306,0.07452549915673,0.5120412844036697,0.4409090909090909,0.6978211009174312
Selected risk factors,Random Forest,MCC,0.0653681767645854,0.1052129145705471,0.020034374130204,-0.0891882585015844,0.2805557406678923
Selected + diagnostics,Logistic Regression,PR_AUC,0.7053016203519376,0.1754630072267192,0.7163510101010101,0.4304702715087639,0.9999999999999998
Selected + diagnostics,Logistic Regression,ROC_AUC,0.9429244608602408,0.0563893027103678,0.9759174311926604,0.7855504587155964,1.0
Selected + diagnostics,Logistic Regression,Recall,0.9057142857142858,0.087411763090162,0.875,0.7142857142857143,1.0
Selected + diagnostics,Logistic Regression,Precision,0.5274469092998505,0.0959526989233795,0.5384615384615384,0.3333333333333333,0.75
Selected + diagnostics,Logistic Regression,F1,0.6602350581023348,0.0832546212660766,0.6666666666666666,0.48,0.8
Selected + diagnostics,Logistic Regression,Balanced_accuracy,0.9226536399380436,0.0441788082801673,0.9145642201834864,0.8435064935064935,0.981651376146789
Selected + diagnostics,Logistic Regression,MCC,0.6606831326073421,0.0822725816010037,0.6585055710895417,0.491726111842046,0.7882442906206389
Selected + diagnostics,Random Forest,PR_AUC,0.7038972223065736,0.1616958024278958,0.678125,0.471823121450415,0.9821428571428572
Selected + diagnostics,Random Forest,ROC_AUC,0.9603198498748956,0.0501508713921926,0.9701298701298702,0.7772727272727273,0.998689384010485
Selected + diagnostics,Random Forest,Recall,0.8735714285714288,0.1162685139964331,0.875,0.5714285714285714,1.0
Selected + diagnostics,Random Forest,Precision,0.57962558356676,0.1417802833678772,0.5833333333333334,0.3529411764705882,1.0
Selected + diagnostics,Random Forest,F1,0.6854005682028296,0.1101128496213691,0.6956521739130435,0.5,0.9230769230769232
Selected + diagnostics,Random Forest,Balanced_accuracy,0.9118799594900512,0.0575201296095577,0.919151376146789,0.7675324675324675,0.9908256880733946
Selected + diagnostics,Random Forest,MCC,0.6808799001062116,0.1116925845768878,0.6843041511300532,0.5027980804325367,0.9216022186120482
