Feature,Standardized_coefficient,Abs_coefficient
STDs (number),0.05450399858350771,0.05450399858350771
STDs:HIV,0.04658010508321606,0.04658010508321606
Dx:HPV,0.042459500027477476,0.042459500027477476
Dx,0.04217519335041625,0.04217519335041625
Dx:CIN,0.03424085617848716,0.03424085617848716
Hormonal Contraceptives (years),0.03415522922918001,0.03415522922918001
Hormonal Contraceptives,0.027687788639386736,0.027687788639386736
Number of sexual partners,-0.021736349392278254,0.021736349392278254
STDs:syphilis,-0.02033817725485127,0.02033817725485127
Num of pregnancies,0.015184453690237206,0.015184453690237206
First sexual intercourse,0.009909639577413037,0.009909639577413037
