Outer_fold,Feature,Coefficient
1,Age,-0.028566854057768175
1,Citology,0.34568097529536074
1,Dx,0.0
1,Dx:CIN,0.0
1,First sexual intercourse,0.0
1,Hinselmann,0.13651121201963093
1,Hormonal Contraceptives,0.1963978597557006
1,Hormonal Contraceptives (years),0.0
1,STDs (number),0.0
1,Schiller,1.2466381687707653
2,Age,-0.003803485473259383
2,Citology,0.0768010544883085
2,Dx,0.03874722308376207
2,Dx:CIN,0.04321274208943912
2,First sexual intercourse,0.007641490605525964
2,Hinselmann,0.13176528759927197
2,Hormonal Contraceptives,0.014775611369512274
2,Hormonal Contraceptives (years),0.018827607792505488
2,STDs (number),0.026414081407419698
2,Schiller,0.18596435382552992
3,Age,0.0069655735877991775
3,Citology,0.10718559463877268
3,Dx,0.08927094020855211
3,Dx:CIN,0.18795401998602496
3,First sexual intercourse,-0.03882292487786863
3,Hinselmann,0.2709294135930964
3,Hormonal Contraceptives,0.02145056442952809
3,Hormonal Contraceptives (years),0.019742753090691255
3,STDs (number),0.017943184243736563
3,Schiller,0.6423176586339561
4,Age,-0.43097996621592893
4,Citology,0.4547553815477466
4,Dx,-0.6246577923458684
4,Dx:CIN,1.0383459745888113
4,First sexual intercourse,0.15046956449553608
4,Hinselmann,0.040304420520122286
4,Hormonal Contraceptives,0.7410710154978243
4,Hormonal Contraceptives (years),-0.3855385629155178
4,STDs (number),0.12917922651441768
4,Schiller,1.7298320253409232
5,Age,-0.02476335621389373
5,Citology,0.21523648529428216
5,Dx,0.09566650126709389
5,Dx:CIN,0.17340550223855747
5,First sexual intercourse,0.04377190861755871
5,Hinselmann,0.2655740435118825
5,Hormonal Contraceptives,0.0631555764348245
5,Hormonal Contraceptives (years),-0.0011608117019449552
5,STDs (number),0.08019423284058305
5,Schiller,0.5887434788466314
6,Age,0.0
6,Citology,0.4257898136155876
6,Dx,0.0
6,Dx:CIN,0.30711549574425584
6,First sexual intercourse,0.0
6,Hinselmann,0.177401286033224
6,Hormonal Contraceptives,0.0
6,Hormonal Contraceptives (years),0.0
6,STDs (number),0.0
6,Schiller,1.2802314612029135
7,Age,0.0069710956298113715
7,Citology,0.0813075972899849
7,Dx,0.0387788440401116
7,Dx:CIN,0.04253405805570912
7,First sexual intercourse,0.013530997860326527
7,Hinselmann,0.1082785130657721
7,Hormonal Contraceptives,0.021082488940120686
7,Hormonal Contraceptives (years),0.015526334981449685
7,STDs (number),0.009651951815794625
7,Schiller,0.18845547404095225
8,Age,-0.03412944141129254
8,Citology,0.12197996353336074
8,Dx,0.06000313561670593
8,Dx:CIN,0.14005222173700116
8,First sexual intercourse,-0.010031562611100721
8,Hinselmann,0.250890684839717
8,Hormonal Contraceptives,0.06887292231912397
8,Hormonal Contraceptives (years),0.051448865280749996
8,STDs (number),0.0925352913059677
8,Schiller,0.6316686615391304
9,Age,0.008671326537547038
9,Citology,0.07633950456548559
9,Dx,0.029593793004173974
9,Dx:CIN,0.041903182079296795
9,First sexual intercourse,0.005557273880737797
9,Hinselmann,0.12721984661648353
9,Hormonal Contraceptives,0.016446093069757504
9,Hormonal Contraceptives (years),0.029155097647588155
9,STDs (number),0.02109643676093784
9,Schiller,0.18925512930353838
10,Age,0.00028988736417961974
10,Citology,0.07087480143552434
10,Dx,0.028658987564884057
10,Dx:CIN,0.04048574108521922
10,First sexual intercourse,0.008302394184382922
10,Hinselmann,0.13319052042144677
10,Hormonal Contraceptives,0.01238378461030138
10,Hormonal Contraceptives (years),-0.0008158703626869538
10,STDs (number),0.0343946069697991
10,Schiller,0.18107412552352464
11,Age,0.01347514150371638
11,Citology,0.08818289211846203
11,Dx,0.03944324417020202
11,Dx:CIN,0.045100634255002624
11,First sexual intercourse,0.00623288979699881
11,Hinselmann,0.11748450649745734
11,Hormonal Contraceptives,0.013926318831600911
11,Hormonal Contraceptives (years),0.025622863814099468
11,STDs (number),0.03333303915527834
11,Schiller,0.18816139636461776
12,Age,0.006581199797237682
12,Citology,0.07520005944081513
12,Dx,0.035296090473875406
12,Dx:CIN,0.04074036933016393
12,First sexual intercourse,0.013420310341890337
12,Hinselmann,0.11511734996642224
12,Hormonal Contraceptives,0.014304824249988819
12,Hormonal Contraceptives (years),0.027191542353753064
12,STDs (number),0.02784886533586066
12,Schiller,0.184830945467059
13,Age,0.006312658894439876
13,Citology,0.07609040889270804
13,Dx,0.04459649411176202
13,Dx:CIN,0.04531031187507156
13,First sexual intercourse,-0.002835308740865942
13,Hinselmann,0.13907881003542502
13,Hormonal Contraceptives,0.011189187465180196
13,Hormonal Contraceptives (years),0.006327411653380914
13,STDs (number),0.021493991828292962
13,Schiller,0.19020049017781743
14,Age,0.011094300613856094
14,Citology,0.079766393304147
14,Dx,0.006913585612521261
14,Dx:CIN,-0.007599286997146686
14,First sexual intercourse,0.00660259365631319
14,Hinselmann,0.11578530541659318
14,Hormonal Contraceptives,0.017912429358879017
14,Hormonal Contraceptives (years),0.012897779170786505
14,STDs (number),0.016492457057893435
14,Schiller,0.2006789741877485
15,Age,-0.03963872419752125
15,Citology,0.17690449743209535
15,Dx,0.060390779305502226
15,Dx:CIN,0.19025870497741335
15,First sexual intercourse,0.019557698616255476
15,Hinselmann,0.2837982352521289
15,Hormonal Contraceptives,0.08884282911844353
15,Hormonal Contraceptives (years),0.03749509460683486
15,STDs (number),0.06150120483226278
15,Schiller,0.5900998024751737
16,Age,-0.030678212870196578
16,Citology,0.22020278416012581
16,Dx,0.0891175175311214
16,Dx:CIN,0.1792794917129039
16,First sexual intercourse,0.03064833078576672
16,Hinselmann,0.2516091931529939
16,Hormonal Contraceptives,0.08598100125732722
16,Hormonal Contraceptives (years),0.0006147867816155227
16,STDs (number),0.06692151020477514
16,Schiller,0.5895560748088103
17,Age,-0.016914362925722803
17,Citology,0.18214893348136427
17,Dx,0.0870441443843458
17,Dx:CIN,0.18675892270851208
17,First sexual intercourse,-0.032199225296199424
17,Hinselmann,0.29113427986240914
17,Hormonal Contraceptives,0.05764802666908176
17,Hormonal Contraceptives (years),0.040375759577266745
17,STDs (number),0.030575358286225453
17,Schiller,0.6042798050897434
18,Age,0.0006904212397732413
18,Citology,0.08862683663845246
18,Dx,0.020250688564709195
18,Dx:CIN,0.027107725245008228
18,First sexual intercourse,0.010695986167618445
18,Hinselmann,0.13201917319712267
18,Hormonal Contraceptives,0.01737688084632378
18,Hormonal Contraceptives (years),0.015315317766345761
18,STDs (number),0.034855103472149714
18,Schiller,0.18969548526145408
19,Age,0.018599641790272677
19,Citology,0.0814779723650266
19,Dx,0.018741500487994247
19,Dx:CIN,0.02083741641287035
19,First sexual intercourse,0.00580691836505521
19,Hinselmann,0.12361989569960952
19,Hormonal Contraceptives,0.011563631395541896
19,Hormonal Contraceptives (years),0.018604837413106996
19,STDs (number),0.026206615887431787
19,Schiller,0.18848068272655424
20,Age,-0.01447856901930279
20,Citology,0.14096951863501067
20,Dx,0.08315762434514205
20,Dx:CIN,0.18399018979196863
20,First sexual intercourse,0.025932120182932044
20,Hinselmann,0.22928453051204878
20,Hormonal Contraceptives,0.06346950840987382
20,Hormonal Contraceptives (years),0.04574553029518783
20,STDs (number),0.037261789440757066
20,Schiller,0.6363560891702057
21,Age,0.019698991044800024
21,Citology,0.06707616086847389
21,Dx,0.04193232125586115
21,Dx:CIN,0.048127372215994106
21,First sexual intercourse,0.011562356299825828
21,Hinselmann,0.12561704185613254
21,Hormonal Contraceptives,0.00563920366573727
21,Hormonal Contraceptives (years),0.017792320229302012
21,STDs (number),0.03101253341640422
21,Schiller,0.19788027001532438
22,Age,-0.20172572796606553
22,Citology,0.37468474888042724
22,Dx,-0.09120238822402953
22,Dx:CIN,0.4915880475562249
22,First sexual intercourse,0.06572247284696021
22,Hinselmann,0.1591354008148468
22,Hormonal Contraceptives,0.3677433516073559
22,Hormonal Contraceptives (years),-0.13280527545509357
22,STDs (number),0.11487009054707217
22,Schiller,1.2151461430904686
23,Age,0.002483617192524508
23,Citology,0.07481554761528543
23,Dx,0.029145479393681804
23,Dx:CIN,0.04144648137345211
23,First sexual intercourse,-0.0005892409671668812
23,Hinselmann,0.11757610897072114
23,Hormonal Contraceptives,0.00545009941202779
23,Hormonal Contraceptives (years),0.011913307954955632
23,STDs (number),0.030533817998128727
23,Schiller,0.1896933358705401
24,Age,-0.10296427186070714
24,Citology,0.41381828708290336
24,Dx,0.05476767617741747
24,Dx:CIN,0.28672977636041136
24,First sexual intercourse,-0.03618441993897982
24,Hinselmann,0.39005577630138094
24,Hormonal Contraceptives,0.3394026337743654
24,Hormonal Contraceptives (years),-0.11825857002464814
24,STDs (number),-0.2000666385139541
24,Schiller,1.172559576197384
25,Age,-0.007951636491854486
25,Citology,0.07328509440312297
25,Dx,0.025548435899294595
25,Dx:CIN,0.02540151178552762
25,First sexual intercourse,0.0068002735693545495
25,Hinselmann,0.12961064909541353
25,Hormonal Contraceptives,0.022696614382558118
25,Hormonal Contraceptives (years),0.014850483303183814
25,STDs (number),0.03408840935659503
25,Schiller,0.1840979474418428
