Fold,Feature,Importance_mean,Importance_std
1,Dx,0.00993474335812421,0.003994115160370399
1,Dx:CIN,0.00010614746911559863,0.00012162830816757582
1,Dx:HPV,-0.0010372489530380059,0.0075734814540013295
1,First sexual intercourse,0.10704949189979947,0.024816702988183306
1,Hormonal Contraceptives,0.03652644115787235,0.08451759934030581
1,Hormonal Contraceptives (years),0.10742316280797588,0.042544471492694726
1,Num of pregnancies,0.06725201974419046,0.06462027345234463
1,Number of sexual partners,0.11172699881245078,0.035580334684312286
1,STDs (number),0.06284767243574388,0.05061322993569678
1,STDs:HIV,0.0031819194383128024,0.001025492564006545
1,STDs:syphilis,0.005096187974485986,0.02341351970424341
2,Dx,2.07932193218463e-05,0.00011251109531100524
2,Dx:CIN,0.0,0.0
2,Dx:HPV,0.0,0.0
2,First sexual intercourse,0.010857114924418812,0.04446597967130923
2,Hormonal Contraceptives,0.016509011207009833,0.029604227211103423
2,Hormonal Contraceptives (years),0.06735109137226777,0.04026298213503384
2,Num of pregnancies,-0.016617716121010335,0.01568507675293926
2,Number of sexual partners,0.06661320935646195,0.027864479424423633
2,STDs (number),0.08123953534756514,0.06214109753207197
2,STDs:HIV,0.0,0.0
2,STDs:syphilis,0.0,0.0
3,Dx,-0.006208097200644369,0.006265785196222053
3,Dx:CIN,-0.012779993678307608,0.0029368813341536797
3,Dx:HPV,0.0,0.0
3,First sexual intercourse,-0.02677471401491376,0.034150243827170496
3,Hormonal Contraceptives,0.001823091459173043,0.0032921724086680273
3,Hormonal Contraceptives (years),0.04974315042816303,0.017970520997982485
3,Num of pregnancies,-0.019151424818474257,0.02301736235384167
3,Number of sexual partners,0.013768193568296023,0.011180097888513502
3,STDs (number),0.051001128759093205,0.015690520396045547
3,STDs:HIV,-0.054557527283197585,0.0521793117096179
3,STDs:syphilis,0.014431695479222264,0.004052360344245552
4,Dx,0.008766948798111275,0.0012726753085272452
4,Dx:CIN,0.0,0.0
4,Dx:HPV,0.0,0.0
4,First sexual intercourse,-0.0014928332573860344,0.019357221911954797
4,Hormonal Contraceptives,0.0076148587644888684,0.00506794314417685
4,Hormonal Contraceptives (years),-0.001091689005928316,0.03922544276416225
4,Num of pregnancies,-0.02576863672317728,0.0378018142442825
4,Number of sexual partners,0.009135497669534368,0.011291519618319697
4,STDs (number),0.018412295311625956,0.009043914388047912
4,STDs:HIV,0.0,0.0
4,STDs:syphilis,0.0,0.0
5,Dx,0.001362546469756165,0.0015705748308385017
5,Dx:CIN,0.0,0.0
5,Dx:HPV,0.0026726758490009583,0.0007475756617722863
5,First sexual intercourse,-0.061251642476152154,0.041011439551296845
5,Hormonal Contraceptives,-0.007380962373124254,0.008402544590017703
5,Hormonal Contraceptives (years),-0.004627534522562407,0.021919514791078284
5,Num of pregnancies,-0.0038455930226744934,0.010708721226632481
5,Number of sexual partners,-0.024993026998401533,0.023847921422571212
5,STDs (number),-0.008758603481221542,0.01572400636199996
5,STDs:HIV,0.003953385752671441,0.004731963635295819
5,STDs:syphilis,0.0022857031548863737,0.0007494177202095753
