Dx,Dx:CIN,Dx:HPV,First sexual intercourse,Hormonal Contraceptives,Hormonal Contraceptives (years),Num of pregnancies,Number of sexual partners,STDs (number),STDs:HIV,STDs:syphilis,Biopsy
0,0,0,17.0,0.0,0.0,2.0,3.0,0.0,0.0,0.0,0
0,0,0,12.0,0.0,0.0,2.0,2.0,0.0,0.0,0.0,0
0,0,0,16.0,1.0,3.0,3.0,1.0,0.0,0.0,0.0,0
0,0,0,15.0,0.0,0.0,5.0,3.0,0.0,0.0,0.0,0
0,0,0,17.0,1.0,3.0,2.0,1.0,0.0,0.0,0.0,1
0,0,0,19.0,1.0,0.42,2.0,2.0,2.0,0.0,0.0,1
0,0,0,20.0,0.0,0.0,5.0,3.0,0.0,0.0,0.0,0
0,0,0,14.0,0.0,0.0,1.0,4.0,0.0,0.0,0.0,0
0,0,0,15.0,0.0,0.0,1.0,1.0,0.0,0.0,0.0,0
0,0,0,15.0,1.0,0.16,2.0,1.0,2.0,0.0,0.0,0
0,0,0,18.0,1.0,3.0,4.0,2.0,0.0,0.0,0.0,0
0,0,0,17.0,1.0,4.5,2.0,3.0,0.0,0.0,0.0,0
0,0,0,19.0,0.0,0.0,1.0,1.0,0.0,0.0,0.0,0
0,0,0,16.0,0.0,0.0,4.0,1.0,0.0,0.0,0.0,0
0,0,0,15.0,0.0,0.0,1.0,3.0,0.0,0.0,0.0,0
0,0,0,16.0,0.0,0.0,3.0,2.0,0.0,0.0,0.0,0
0,0,0,16.0,1.0,15.0,5.0,4.0,0.0,0.0,0.0,0
0,0,0,17.0,1.0,20.0,3.0,2.0,0.0,0.0,0.0,1
0,0,0,17.0,1.0,0.25,2.0,2.0,0.0,0.0,0.0,0
0,0,0,17.0,1.0,0.16,3.0,1.0,0.0,0.0,0.0,0
0,0,0,17.0,0.0,0.0,1.0,3.0,0.0,0.0,0.0,0
0,0,0,17.0,1.0,0.16,1.0,4.0,0.0,0.0,0.0,0
0,0,0,17.0,0.0,0.0,1.0,2.0,0.0,0.0,0.0,0
0,0,0,19.0,0.0,0.0,2.0,2.0,0.0,0.0,0.0,0
0,0,0,16.0,1.0,0.5,1.0,2.0,0.0,0.0,0.0,0
0,0,0,15.0,1.0,0.08,2.0,4.0,0.0,0.0,0.0,0
1,0,1,22.0,1.0,3.0,2.0,3.0,0.0,0.0,0.0,0
0,0,0,18.0,1.0,0.5,1.0,3.0,0.0,0.0,0.0,0
0,0,0,18.0,0.0,0.0,1.0,1.0,0.0,0.0,0.0,0
0,0,0,10.0,0.0,0.0,1.0,28.0,0.0,0.0,0.0,0
0,0,0,26.0,0.0,0.0,1.0,4.0,0.0,0.0,0.0,0
0,0,0,16.0,1.0,7.0,7.0,2.0,0.0,0.0,0.0,0
0,0,0,19.0,0.0,0.0,1.0,2.0,0.0,0.0,0.0,0
0,0,0,16.0,1.0,1.0,3.0,3.0,0.0,0.0,0.0,0
0,0,1,18.0,1.0,6.0,1.0,3.0,1.0,0.0,0.0,0
0,0,0,20.0,1.0,3.0,1.0,5.0,2.0,0.0,0.0,0
0,0,0,16.0,0.0,0.0,2.0,1.0,0.0,0.0,0.0,0
0,0,0,18.0,1.0,0.25,1.0,1.0,0.0,0.0,0.0,0
0,0,0,15.0,1.0,0.75,2.0,2.0,0.0,0.0,0.0,0
0,0,0,15.0,0.0,0.0,1.0,2.0,0.0,0.0,0.0,0
0,0,0,19.0,0.0,0.0,5.0,2.0,0.0,0.0,0.0,1
0,0,0,15.0,1.0,0.42,2.0,1.0,0.0,0.0,0.0,0
0,0,0,20.0,0.0,0.0,1.0,1.0,0.0,0.0,0.0,0
0,0,0,16.0,0.0,0.0,1.0,2.0,0.0,0.0,0.0,0
0,0,0,14.0,0.0,0.0,2.0,5.0,0.0,0.0,0.0,0
0,0,0,16.0,0.0,0.0,3.0,4.0,0.0,0.0,0.0,0
0,0,0,14.0,0.0,0.0,1.0,3.0,0.0,0.0,0.0,0
0,0,0,15.0,1.0,6.0,3.0,2.0,0.0,0.0,0.0,0
0,0,0,16.0,1.0,0.25,1.0,3.0,1.0,0.0,1.0,0
1,0,0,19.0,0.0,0.0,1.0,3.0,0.0,0.0,0.0,0
0,0,0,18.0,0.0,0.0,2.0,2.0,0.0,0.0,0.0,0
0,0,0,18.0,0.0,0.0,1.0,3.0,0.0,0.0,0.0,0
0,0,0,16.0,1.0,0.25,5.0,3.0,0.0,0.0,0.0,0
0,0,0,16.0,1.0,0.67,1.0,4.0,0.0,0.0,0.0,0
0,0,0,16.0,0.0,0.0,5.0,2.0,0.0,0.0,0.0,0
0,0,0,20.0,1.0,1.0,1.0,1.0,0.0,0.0,0.0,0
0,0,0,22.0,0.0,0.0,2.0,2.0,0.0,0.0,0.0,0
0,0,0,17.0,0.0,0.0,1.0,1.0,0.0,0.0,0.0,0
0,0,0,17.0,1.0,9.0,3.0,2.0,0.0,0.0,0.0,1
0,0,0,13.0,0.0,0.0,6.0,1.0,0.0,0.0,0.0,0
0,0,0,21.0,1.0,0.25,3.0,4.0,0.0,0.0,0.0,0
0,0,0,16.0,1.0,1.0,2.0,3.0,0.0,0.0,0.0,0
0,0,0,16.0,1.0,0.08,1.0,2.0,0.0,0.0,0.0,0
0,0,0,17.0,0.0,0.0,3.0,3.0,0.0,0.0,0.0,0
0,0,0,15.0,1.0,0.42,2.0,1.0,0.0,0.0,0.0,0
0,0,0,17.0,0.0,0.0,1.0,5.0,0.0,0.0,0.0,0
0,0,0,18.0,0.0,0.0,4.0,4.0,0.0,0.0,0.0,1
0,0,0,16.0,0.0,0.0,1.0,2.0,0.0,0.0,0.0,0
0,0,0,17.0,0.0,0.0,6.0,3.0,0.0,0.0,0.0,0
0,0,0,15.0,1.0,0.5,2.0,2.0,0.0,0.0,0.0,0
0,0,0,18.0,1.0,1.0,0.0,2.0,0.0,0.0,0.0,0
0,0,0,29.0,0.0,0.0,1.0,1.0,0.0,0.0,0.0,0
0,0,0,18.0,1.0,5.0,3.0,2.0,0.0,0.0,0.0,0
0,0,0,12.0,1.0,20.0,6.0,6.0,0.0,0.0,0.0,0
0,0,0,14.0,0.0,0.0,1.0,4.0,0.0,0.0,0.0,0
0,0,0,26.0,1.0,2.0,2.0,1.0,0.0,0.0,0.0,0
0,0,0,14.0,0.0,0.0,1.0,3.0,0.0,0.0,0.0,0
0,0,0,14.0,0.0,0.0,2.0,2.0,0.0,0.0,0.0,0
0,0,0,16.0,0.0,0.0,1.0,3.0,0.0,0.0,0.0,0
0,0,0,15.0,1.0,1.0,2.0,2.0,2.0,0.0,0.0,0
0,0,0,15.0,0.0,0.0,2.0,4.0,0.0,0.0,0.0,0
0,0,0,12.0,0.0,0.0,3.0,3.0,0.0,0.0,0.0,0
0,0,0,26.0,1.0,2.0,3.0,1.0,0.0,0.0,0.0,0
0,0,0,15.0,1.0,2.0,6.0,2.0,1.0,0.0,1.0,0
0,0,0,14.0,1.0,0.08,1.0,4.0,0.0,0.0,0.0,0
0,0,0,18.0,0.0,0.0,2.0,1.0,0.0,0.0,0.0,0
0,0,0,18.0,1.0,1.0,5.0,3.0,0.0,0.0,0.0,0
1,1,0,17.0,1.0,3.0,2.0,1.0,0.0,0.0,0.0,1
0,0,0,19.0,1.0,5.0,2.0,3.0,1.0,1.0,0.0,0
1,1,0,15.0,1.0,3.0,4.0,5.0,0.0,0.0,0.0,0
1,1,0,13.0,0.0,0.0,2.0,2.0,0.0,0.0,0.0,0
0,0,0,20.0,1.0,1.0,2.0,3.0,0.0,0.0,0.0,0
0,0,0,15.0,1.0,0.5,3.0,1.0,0.0,0.0,0.0,0
0,0,0,20.0,1.0,0.5,1.0,2.0,0.0,0.0,0.0,0
0,0,0,18.0,1.0,10.0,4.0,3.0,0.0,0.0,0.0,1
0,0,0,15.0,0.0,0.0,2.0,3.0,0.0,0.0,0.0,0
0,0,0,19.0,0.0,0.0,2.0,4.0,0.0,0.0,0.0,0
0,0,0,16.0,1.0,1.0,5.0,7.0,0.0,0.0,0.0,0
0,0,0,15.0,1.0,0.58,3.0,2.0,0.0,0.0,0.0,1
0,0,0,20.0,1.0,2.0,2.0,2.0,0.0,0.0,0.0,0
0,0,0,17.0,1.0,0.08,2.0,3.0,0.0,0.0,0.0,1
0,0,0,19.0,0.0,0.0,2.0,2.0,0.0,0.0,0.0,0
0,0,0,17.0,1.0,0.25,3.0,3.0,1.0,0.0,1.0,0
0,0,0,15.0,1.0,1.0,3.0,2.0,0.0,0.0,0.0,0
0,0,0,17.0,0.0,0.0,0.0,1.0,0.0,0.0,0.0,0
0,0,0,18.0,1.0,8.0,2.0,2.0,0.0,0.0,0.0,0
0,0,0,16.0,1.0,2.0,2.0,3.0,0.0,0.0,0.0,0
0,0,1,15.0,1.0,16.0,4.0,2.0,0.0,0.0,0.0,1
0,0,0,17.0,1.0,12.0,4.0,3.0,0.0,0.0,0.0,0
0,0,0,17.0,1.0,1.0,4.0,2.0,0.0,0.0,0.0,0
0,0,0,17.0,1.0,3.0,2.0,2.0,2.0,0.0,0.0,0
0,0,0,15.0,1.0,4.0,3.0,3.0,0.0,0.0,0.0,0
0,0,0,27.0,1.0,1.0,2.0,2.0,0.0,0.0,0.0,0
0,0,0,23.0,1.0,0.08,1.0,1.0,0.0,0.0,0.0,0
0,0,0,17.0,0.0,0.0,1.0,5.0,0.0,0.0,0.0,0
0,0,0,17.0,0.0,0.0,2.0,1.0,0.0,0.0,0.0,0
0,0,0,16.0,1.0,0.16,2.0,2.0,0.0,0.0,0.0,0
0,0,0,18.0,0.0,0.0,2.0,1.0,0.0,0.0,0.0,0
0,0,0,18.0,0.0,0.0,2.0,1.0,0.0,0.0,0.0,0
0,0,0,17.0,1.0,0.25,3.0,2.0,0.0,0.0,0.0,0
0,0,0,17.0,1.0,3.0,1.0,3.0,0.0,0.0,0.0,0
0,0,0,13.0,1.0,0.25,2.0,4.0,0.0,0.0,0.0,0
0,0,0,20.0,1.0,1.0,1.0,5.0,0.0,0.0,0.0,0
0,0,0,17.0,1.0,8.0,1.0,3.0,0.0,0.0,0.0,0
0,0,0,18.0,1.0,5.0,6.0,2.0,0.0,0.0,0.0,0
0,0,0,29.0,1.0,0.5,2.0,1.0,0.0,0.0,0.0,1
0,0,0,14.0,1.0,1.0,1.0,3.0,0.0,0.0,0.0,0
0,0,0,20.0,1.0,4.0,5.0,3.0,0.0,0.0,0.0,0
1,0,1,14.0,1.0,1.0,3.0,2.0,0.0,0.0,0.0,0
0,0,0,18.0,1.0,2.0,2.0,2.0,0.0,0.0,0.0,0
0,0,0,19.0,1.0,6.0,1.0,2.0,0.0,0.0,0.0,0
0,0,0,17.0,0.0,0.0,1.0,2.0,0.0,0.0,0.0,0
0,0,0,23.0,0.0,0.0,2.0,3.0,0.0,0.0,0.0,0
0,0,0,18.0,1.0,9.0,3.0,3.0,0.0,0.0,0.0,0
0,0,0,17.0,1.0,19.0,3.0,2.0,0.0,0.0,0.0,0
0,0,0,16.0,1.0,9.0,2.0,1.0,0.0,0.0,0.0,0
0,0,0,18.0,1.0,1.0,6.0,2.0,0.0,0.0,0.0,0
0,0,0,16.0,1.0,3.0,1.0,2.0,0.0,0.0,0.0,0
0,0,0,17.0,1.0,10.0,5.0,3.0,1.0,0.0,1.0,0
0,0,0,15.0,0.0,0.0,1.0,2.0,0.0,0.0,0.0,0
0,0,0,21.0,1.0,2.0,1.0,3.0,0.0,0.0,0.0,0
0,0,0,15.0,1.0,0.25,1.0,3.0,0.0,0.0,0.0,0
1,0,1,19.0,1.0,9.0,2.0,2.0,0.0,0.0,0.0,0
0,0,0,16.0,1.0,7.0,3.0,4.0,0.0,0.0,0.0,0
0,0,0,16.0,1.0,0.25,1.0,5.0,0.0,0.0,0.0,0
0,0,0,15.0,0.0,0.0,2.0,2.0,0.0,0.0,0.0,0
0,0,0,15.0,1.0,0.25,1.0,4.0,0.0,0.0,0.0,0
0,0,0,21.0,1.0,19.0,2.0,2.0,0.0,0.0,0.0,0
0,0,0,21.0,0.0,0.0,0.0,2.0,0.0,0.0,0.0,0
0,0,0,18.0,1.0,1.0,2.0,3.0,0.0,0.0,0.0,0
0,0,0,18.0,0.0,0.0,1.0,2.0,2.0,1.0,0.0,0
0,0,0,14.0,0.0,0.0,0.0,1.0,0.0,0.0,0.0,0
0,0,0,18.0,1.0,2.0,4.0,3.0,0.0,0.0,0.0,0
0,0,0,19.0,1.0,1.0,1.0,2.0,0.0,0.0,0.0,0
0,0,0,16.0,1.0,4.0,5.0,3.0,0.0,0.0,0.0,0
0,0,0,14.0,0.0,0.0,2.0,4.0,0.0,0.0,0.0,0
0,0,0,21.0,1.0,8.0,2.0,3.0,0.0,0.0,0.0,0
0,0,0,17.0,1.0,0.25,0.0,3.0,0.0,0.0,0.0,0
0,0,0,15.0,1.0,0.5,5.0,2.0,0.0,0.0,0.0,0
0,0,0,17.0,0.0,0.0,4.0,2.0,0.0,0.0,0.0,0
0,0,0,16.0,0.0,0.0,1.0,1.0,0.0,0.0,0.0,0
0,0,0,17.0,1.0,7.0,4.0,3.0,2.0,0.0,0.0,0
0,0,0,15.0,0.0,0.0,3.0,2.0,0.0,0.0,0.0,0
0,0,0,15.0,0.0,0.0,3.0,1.0,0.0,0.0,0.0,0
0,0,0,16.0,1.0,6.0,2.0,4.0,0.0,0.0,0.0,0
0,0,0,16.0,0.0,0.0,2.0,2.0,0.0,0.0,0.0,0
0,0,0,16.0,1.0,11.0,3.0,1.0,0.0,0.0,0.0,0
0,0,0,16.0,1.0,13.0,2.0,4.0,0.0,0.0,0.0,0
0,0,0,15.0,1.0,1.0,2.0,2.0,0.0,0.0,0.0,0
0,0,0,13.0,0.0,0.0,1.0,3.0,0.0,0.0,0.0,0
0,0,0,18.0,1.0,7.0,2.0,2.0,0.0,0.0,0.0,0
0,0,0,15.0,1.0,3.0,8.0,3.0,0.0,0.0,0.0,0
0,0,0,18.0,1.0,2.0,1.0,1.0,0.0,0.0,0.0,0
0,0,0,19.0,1.0,0.5,3.0,2.0,0.0,0.0,0.0,0
0,0,0,25.0,1.0,5.0,2.0,2.0,0.0,0.0,0.0,0
1,0,1,19.0,1.0,3.0,2.0,5.0,0.0,0.0,0.0,0
0,0,0,18.0,1.0,0.08,3.0,3.0,0.0,0.0,0.0,0
0,0,0,15.0,1.0,12.0,4.0,2.0,0.0,0.0,0.0,0
0,0,0,16.0,0.0,0.0,1.0,3.0,0.0,0.0,0.0,0
0,0,0,16.0,0.0,0.0,4.0,4.0,1.0,0.0,0.0,0
0,0,0,14.0,0.0,0.0,2.0,2.0,0.0,0.0,0.0,0
0,0,0,15.0,1.0,6.0,3.0,5.0,0.0,0.0,0.0,0
0,0,0,19.0,0.0,0.0,2.0,1.0,0.0,0.0,0.0,0
0,0,0,18.0,1.0,0.66,1.0,3.0,0.0,0.0,0.0,0
0,0,0,17.0,1.0,2.0,4.0,2.0,0.0,0.0,0.0,0
0,0,0,26.0,0.0,0.0,1.0,1.0,0.0,0.0,0.0,0
0,0,0,14.0,0.0,0.0,2.0,2.0,0.0,0.0,0.0,0
0,0,0,17.0,0.0,0.0,3.0,3.0,0.0,0.0,0.0,0
0,0,0,17.0,0.0,0.0,2.0,2.0,0.0,0.0,0.0,0
0,0,0,18.0,0.0,0.0,1.0,3.0,0.0,0.0,0.0,0
0,0,0,15.0,1.0,0.5,3.0,4.0,0.0,0.0,0.0,0
0,0,0,18.0,1.0,0.25,2.0,2.0,0.0,0.0,0.0,0
0,0,0,17.0,0.0,0.0,6.0,3.0,0.0,0.0,0.0,1
0,0,0,16.0,1.0,0.08,2.0,5.0,0.0,0.0,0.0,0
0,0,0,14.0,0.0,0.0,3.0,5.0,0.0,0.0,0.0,0
0,0,0,14.0,1.0,2.0,3.0,3.0,0.0,0.0,0.0,0
0,0,0,18.0,1.0,10.0,3.0,2.0,0.0,0.0,0.0,0
0,0,0,19.0,1.0,5.0,2.0,3.0,0.0,0.0,0.0,0
0,0,0,19.0,1.0,1.0,3.0,2.0,0.0,0.0,0.0,0
0,0,0,18.0,1.0,4.0,4.0,4.0,0.0,0.0,0.0,0
0,0,0,18.0,0.0,0.0,0.0,3.0,0.0,0.0,0.0,0
0,0,0,19.0,1.0,0.5,2.0,2.0,0.0,0.0,0.0,0
0,0,0,13.0,0.0,0.0,4.0,3.0,2.0,0.0,0.0,0
0,0,0,15.0,1.0,20.0,6.0,2.0,0.0,0.0,0.0,0
0,0,0,19.0,0.0,0.0,0.0,3.0,0.0,0.0,0.0,0
0,0,0,17.0,1.0,10.0,3.0,3.0,0.0,0.0,0.0,0
0,0,0,16.0,1.0,1.0,1.0,2.0,0.0,0.0,0.0,0
0,0,0,17.0,1.0,1.0,1.0,2.0,0.0,0.0,0.0,0
0,0,0,15.0,1.0,7.0,6.0,3.0,2.0,0.0,0.0,0
0,0,0,20.0,1.0,7.0,2.0,1.0,0.0,0.0,0.0,0
0,0,0,18.0,1.0,0.25,1.0,1.0,2.0,0.0,0.0,1
0,0,0,14.0,0.0,0.0,4.0,2.0,0.0,0.0,0.0,0
0,0,0,14.0,0.0,0.0,3.0,3.0,1.0,0.0,1.0,0
0,0,0,15.0,1.0,8.0,1.0,5.0,0.0,0.0,0.0,0
0,0,0,15.0,0.0,0.0,2.0,1.0,0.0,0.0,0.0,0
0,0,0,18.0,1.0,0.25,3.0,3.0,0.0,0.0,0.0,0
0,0,0,17.0,1.0,0.08,1.0,2.0,0.0,0.0,0.0,0
0,0,0,18.0,0.0,0.0,1.0,2.0,0.0,0.0,0.0,0
0,0,0,14.0,0.0,0.0,1.0,4.0,0.0,0.0,0.0,0
0,0,0,15.0,0.0,0.0,2.0,2.0,0.0,0.0,0.0,0
0,0,0,15.0,1.0,0.5,2.0,2.0,0.0,0.0,0.0,0
1,1,0,18.0,1.0,1.0,2.0,5.0,0.0,0.0,0.0,0
0,0,0,16.0,1.0,4.0,5.0,3.0,0.0,0.0,0.0,0
0,0,0,15.0,1.0,1.0,3.0,5.0,0.0,0.0,0.0,0
0,0,0,15.0,0.0,0.0,1.0,3.0,0.0,0.0,0.0,0
0,0,0,28.0,1.0,1.0,2.0,3.0,0.0,0.0,0.0,0
0,0,0,14.0,1.0,2.0,1.0,5.0,0.0,0.0,0.0,0
0,0,0,15.0,0.0,0.0,2.0,2.0,0.0,0.0,0.0,0
1,1,0,15.0,0.0,0.0,2.0,2.0,0.0,0.0,0.0,0
0,0,0,17.0,1.0,6.0,2.0,1.0,0.0,0.0,0.0,0
0,0,0,17.0,1.0,15.0,3.0,4.0,0.0,0.0,0.0,0
0,0,0,16.0,1.0,1.0,1.0,1.0,0.0,0.0,0.0,0
0,0,0,16.0,1.0,1.0,2.0,3.0,0.0,0.0,0.0,0
0,0,0,20.0,1.0,6.0,2.0,2.0,0.0,0.0,0.0,0
0,0,0,15.0,1.0,0.08,2.0,1.0,0.0,0.0,0.0,0
0,0,0,17.0,0.0,0.0,1.0,1.0,0.0,0.0,0.0,0
0,0,0,20.0,1.0,8.0,4.0,3.0,0.0,0.0,0.0,0
0,0,0,16.0,0.0,0.0,1.0,2.0,0.0,0.0,0.0,0
0,0,0,21.0,1.0,0.33,2.0,2.0,0.0,0.0,0.0,0
0,0,0,15.0,1.0,5.0,4.0,6.0,0.0,0.0,0.0,0
0,0,0,14.0,1.0,0.5,2.0,2.0,0.0,0.0,0.0,0
1,1,0,17.0,0.0,0.0,0.0,3.0,0.0,0.0,0.0,1
0,0,0,18.0,1.0,5.0,3.0,3.0,0.0,0.0,0.0,0
0,0,0,22.0,0.0,0.0,1.0,3.0,0.0,0.0,0.0,0
0,0,0,13.0,1.0,1.0,1.0,2.0,1.0,0.0,1.0,0
0,0,0,17.0,1.0,5.0,1.0,1.0,0.0,0.0,0.0,0
0,0,0,18.0,0.0,0.0,1.0,2.0,0.0,0.0,0.0,0
0,0,0,15.0,1.0,3.0,2.0,4.0,0.0,0.0,0.0,0
0,0,0,17.0,1.0,1.0,2.0,1.0,0.0,0.0,0.0,0
0,0,0,18.0,0.0,0.0,3.0,2.0,0.0,0.0,0.0,0
0,0,0,15.0,1.0,0.17,1.0,5.0,0.0,0.0,0.0,0
0,0,0,18.0,1.0,0.5,2.0,2.0,0.0,0.0,0.0,0
0,0,0,18.0,0.0,0.0,3.0,3.0,0.0,0.0,0.0,0
0,0,0,32.0,0.0,0.0,2.0,1.0,0.0,0.0,0.0,0
0,0,0,16.0,0.0,0.0,1.0,5.0,0.0,0.0,0.0,0
0,0,0,17.0,0.0,0.0,4.0,4.0,0.0,0.0,0.0,0
0,0,0,16.0,0.0,0.0,2.0,1.0,2.0,0.0,0.0,0
0,0,0,15.0,0.0,0.0,1.0,2.0,0.0,0.0,0.0,0
0,0,0,17.0,0.0,0.0,2.0,2.0,0.0,0.0,0.0,0
0,0,0,15.0,0.0,0.0,2.0,3.0,0.0,0.0,0.0,0
0,0,0,17.0,1.0,6.0,2.0,2.0,0.0,0.0,0.0,0
0,0,0,18.0,0.0,0.0,2.0,2.0,0.0,0.0,0.0,0
0,0,0,16.0,0.0,0.0,2.0,3.0,0.0,0.0,0.0,0
0,0,0,27.0,1.0,0.16,3.0,1.0,0.0,0.0,0.0,0
0,0,0,18.0,1.0,1.0,2.0,2.0,0.0,0.0,0.0,0
0,0,0,21.0,1.0,5.0,1.0,1.0,0.0,0.0,0.0,0
0,0,0,17.0,1.0,2.0,1.0,1.0,0.0,0.0,0.0,0
0,0,0,17.0,1.0,0.33,5.0,2.0,0.0,0.0,0.0,0
0,0,0,19.0,1.0,1.0,3.0,1.0,0.0,0.0,0.0,0
0,0,0,18.0,0.0,0.0,1.0,1.0,0.0,0.0,0.0,0
0,0,0,15.0,0.0,0.0,3.0,3.0,0.0,0.0,0.0,0
0,0,0,19.0,1.0,0.25,1.0,1.0,1.0,0.0,0.0,1
0,0,0,14.0,1.0,0.16,2.0,7.0,2.0,0.0,0.0,0
0,0,0,18.0,0.0,0.0,3.0,2.0,0.0,0.0,0.0,0
0,0,0,20.0,1.0,7.0,2.0,2.0,2.0,0.0,0.0,0
0,0,0,15.0,0.0,0.0,3.0,2.0,1.0,0.0,1.0,0
0,0,0,15.0,1.0,1.0,2.0,2.0,0.0,0.0,0.0,0
0,0,0,24.0,1.0,0.08,2.0,2.0,0.0,0.0,0.0,0
0,0,0,15.0,0.0,0.0,2.0,1.0,0.0,0.0,0.0,0
0,0,0,18.0,0.0,0.0,2.0,2.0,0.0,0.0,0.0,0
0,0,0,17.0,1.0,1.5,3.0,4.0,0.0,0.0,0.0,0
0,0,0,17.0,1.0,1.0,3.0,2.0,0.0,0.0,0.0,1
0,0,0,15.0,1.0,3.0,4.0,5.0,0.0,0.0,0.0,0
0,0,0,15.0,1.0,8.0,2.0,3.0,0.0,0.0,0.0,0
0,0,0,15.0,1.0,5.0,3.0,2.0,0.0,0.0,0.0,0
0,0,0,15.0,0.0,0.0,2.0,3.0,0.0,0.0,0.0,0
0,0,0,17.0,1.0,0.25,2.0,1.0,0.0,0.0,0.0,0
0,0,0,15.0,0.0,0.0,1.0,3.0,0.0,0.0,0.0,0
0,0,0,18.0,1.0,1.0,1.0,3.0,0.0,0.0,0.0,0
0,0,0,15.0,0.0,0.0,3.0,4.0,2.0,0.0,0.0,0
0,0,0,19.0,0.0,0.0,1.0,2.0,0.0,0.0,0.0,0
0,0,0,17.0,1.0,0.5,6.0,5.0,1.0,0.0,1.0,0
0,0,0,15.0,0.0,0.0,2.0,2.0,4.0,1.0,1.0,0
0,0,0,15.0,1.0,0.25,4.0,3.0,0.0,0.0,0.0,0
0,0,0,16.0,1.0,0.5,1.0,4.0,0.0,0.0,0.0,1
0,0,0,20.0,1.0,6.0,2.0,2.0,2.0,0.0,0.0,0
0,0,0,17.0,1.0,5.0,3.0,3.0,0.0,0.0,0.0,0
0,0,0,22.0,0.0,0.0,1.0,1.0,0.0,0.0,0.0,0
0,0,0,19.0,1.0,7.0,2.0,2.0,0.0,0.0,0.0,0
0,0,0,17.0,1.0,1.0,3.0,3.0,0.0,0.0,0.0,0
0,0,0,25.0,0.0,0.0,1.0,2.0,0.0,0.0,0.0,0
0,0,0,17.0,0.0,0.0,3.0,2.0,0.0,0.0,0.0,0
0,0,0,15.0,0.0,0.0,5.0,3.0,0.0,0.0,0.0,0
0,0,0,17.0,1.0,3.0,2.0,2.0,0.0,0.0,0.0,0
0,0,0,17.0,0.0,0.0,4.0,6.0,0.0,0.0,0.0,0
0,0,0,15.0,0.0,0.0,1.0,2.0,0.0,0.0,0.0,0
0,0,0,15.0,1.0,4.0,1.0,1.0,0.0,0.0,0.0,0
0,0,0,14.0,0.0,0.0,1.0,2.0,0.0,0.0,0.0,0
0,0,0,18.0,0.0,0.0,2.0,2.0,0.0,0.0,0.0,0
0,0,0,16.0,0.0,0.0,1.0,1.0,2.0,0.0,0.0,1
0,0,0,15.0,0.0,0.0,1.0,2.0,0.0,0.0,0.0,0
0,0,0,16.0,1.0,7.0,2.0,1.0,0.0,0.0,0.0,0
0,0,0,20.0,0.0,0.0,3.0,2.0,0.0,0.0,0.0,0
0,0,0,20.0,0.0,0.0,2.0,1.0,0.0,0.0,0.0,0
0,0,0,17.0,1.0,0.16,1.0,1.0,0.0,0.0,0.0,0
0,0,0,16.0,1.0,1.0,1.0,2.0,0.0,0.0,0.0,0
0,0,0,15.0,0.0,0.0,1.0,1.0,0.0,0.0,0.0,0
0,0,0,16.0,0.0,0.0,1.0,4.0,0.0,0.0,0.0,0
0,0,0,21.0,1.0,4.0,4.0,2.0,0.0,0.0,0.0,0
0,0,0,16.0,1.0,3.0,4.0,2.0,0.0,0.0,0.0,0
1,0,1,18.0,1.0,1.0,5.0,3.0,0.0,0.0,0.0,0
0,0,0,17.0,0.0,0.0,2.0,3.0,0.0,0.0,0.0,0
0,0,0,14.0,0.0,0.0,0.0,1.0,0.0,0.0,0.0,0
0,0,0,18.0,1.0,15.0,4.0,2.0,0.0,0.0,0.0,0
0,0,0,15.0,0.0,0.0,1.0,1.0,0.0,0.0,0.0,0
0,0,0,21.0,0.0,0.0,1.0,3.0,0.0,0.0,0.0,0
0,0,0,15.0,1.0,4.0,2.0,4.0,0.0,0.0,0.0,0
0,0,0,17.0,1.0,10.0,3.0,2.0,0.0,0.0,0.0,0
0,0,0,11.0,1.0,0.42,3.0,2.0,0.0,0.0,0.0,0
0,0,0,19.0,0.0,0.0,2.0,1.0,0.0,0.0,0.0,0
0,0,0,14.0,1.0,2.0,2.0,3.0,0.0,0.0,0.0,0
0,0,0,15.0,1.0,5.0,3.0,2.0,0.0,0.0,0.0,0
0,0,0,15.0,0.0,0.0,3.0,1.0,0.0,0.0,0.0,0
0,0,0,17.0,0.0,0.0,1.0,2.0,1.0,1.0,0.0,0
0,0,0,17.0,1.0,3.0,3.0,3.0,0.0,0.0,0.0,0
0,0,0,16.0,1.0,0.41,3.0,3.0,0.0,0.0,0.0,0
0,0,0,14.0,1.0,1.5,2.0,1.0,0.0,0.0,0.0,0
0,0,0,19.0,0.0,0.0,1.0,2.0,0.0,0.0,0.0,0
0,0,0,15.0,1.0,0.33,1.0,2.0,0.0,0.0,0.0,0
0,0,0,17.0,1.0,1.0,1.0,1.0,0.0,0.0,0.0,0
0,0,0,18.0,1.0,1.0,3.0,4.0,0.0,0.0,0.0,0
0,0,0,15.0,1.0,0.66,4.0,3.0,0.0,0.0,0.0,0
0,0,0,22.0,0.0,0.0,2.0,1.0,0.0,0.0,0.0,0
0,0,0,23.0,1.0,2.0,2.0,5.0,0.0,0.0,0.0,0
0,0,0,17.0,0.0,0.0,1.0,2.0,0.0,0.0,0.0,0
0,0,0,13.0,1.0,2.0,5.0,2.0,0.0,0.0,0.0,0
0,0,0,18.0,1.0,8.0,2.0,3.0,0.0,0.0,0.0,0
0,0,0,18.0,0.0,0.0,1.0,1.0,0.0,0.0,0.0,0
0,0,0,28.0,0.0,0.0,1.0,1.0,0.0,0.0,0.0,0
0,0,0,26.0,1.0,2.0,3.0,1.0,0.0,0.0,0.0,0
0,0,0,16.0,1.0,0.42,1.0,5.0,0.0,0.0,0.0,0
0,0,1,16.0,1.0,3.0,4.0,5.0,0.0,0.0,0.0,0
0,0,0,18.0,0.0,0.0,2.0,2.0,0.0,0.0,0.0,0
0,0,0,15.0,0.0,0.0,1.0,4.0,0.0,0.0,0.0,0
0,0,0,23.0,1.0,3.0,3.0,1.0,0.0,0.0,0.0,0
0,0,0,12.0,0.0,0.0,2.0,7.0,0.0,0.0,0.0,0
0,0,0,13.0,1.0,4.0,2.0,1.0,0.0,0.0,0.0,0
0,0,0,17.0,0.0,0.0,1.0,2.0,0.0,0.0,0.0,0
0,0,0,14.0,1.0,1.0,5.0,5.0,0.0,0.0,0.0,0
0,0,0,15.0,1.0,0.33,2.0,3.0,0.0,0.0,0.0,1
0,0,0,16.0,1.0,0.25,2.0,1.0,0.0,0.0,0.0,0
0,0,0,17.0,1.0,0.25,2.0,3.0,0.0,0.0,0.0,1
0,0,0,17.0,1.0,1.0,1.0,2.0,0.0,0.0,0.0,0
0,0,0,14.0,1.0,10.0,6.0,4.0,0.0,0.0,0.0,0
0,0,0,14.0,0.0,0.0,2.0,3.0,0.0,0.0,0.0,0
0,0,0,16.0,0.0,0.0,2.0,15.0,2.0,0.0,0.0,0
0,0,0,17.0,1.0,1.0,1.0,1.0,0.0,0.0,0.0,0
0,0,0,16.0,0.0,0.0,2.0,4.0,0.0,0.0,0.0,0
0,0,0,16.0,0.0,0.0,2.0,4.0,2.0,0.0,0.0,0
0,0,0,15.0,1.0,0.25,3.0,1.0,0.0,0.0,0.0,0
0,0,0,16.0,0.0,0.0,4.0,4.0,0.0,0.0,0.0,0
0,0,0,17.0,1.0,4.0,3.0,1.0,0.0,0.0,0.0,1
0,0,0,19.0,0.0,0.0,1.0,1.0,0.0,0.0,0.0,0
0,0,0,18.0,1.0,3.0,2.0,2.0,0.0,0.0,0.0,0
0,0,0,17.0,1.0,1.0,5.0,1.0,0.0,0.0,0.0,0
0,0,0,21.0,1.0,1.0,1.0,5.0,0.0,0.0,0.0,0
0,0,0,20.0,1.0,2.0,2.0,5.0,2.0,0.0,0.0,0
0,0,0,18.0,1.0,7.0,2.0,1.0,0.0,0.0,0.0,0
0,0,0,16.0,1.0,1.0,4.0,3.0,1.0,1.0,0.0,1
0,0,0,16.0,1.0,3.0,2.0,2.0,0.0,0.0,0.0,0
0,0,0,18.0,0.0,0.0,1.0,2.0,0.0,0.0,0.0,0
0,0,0,15.0,0.0,0.0,1.0,1.0,0.0,0.0,0.0,0
0,0,0,18.0,0.0,0.0,4.0,2.0,1.0,1.0,0.0,1
0,0,0,17.0,0.0,0.0,2.0,1.0,0.0,0.0,0.0,0
0,0,0,18.0,1.0,0.25,5.0,1.0,0.0,0.0,0.0,0
0,0,0,19.0,0.0,0.0,2.0,5.0,0.0,0.0,0.0,1
1,0,1,20.0,0.0,0.0,5.0,1.0,0.0,0.0,0.0,0
0,0,0,18.0,0.0,0.0,1.0,1.0,0.0,0.0,0.0,0
0,0,0,15.0,0.0,0.0,4.0,5.0,0.0,0.0,0.0,1
0,0,0,16.0,0.0,0.0,3.0,3.0,0.0,0.0,0.0,0
0,0,0,14.0,0.0,0.0,4.0,3.0,0.0,0.0,0.0,0
0,0,0,17.0,1.0,1.0,1.0,4.0,0.0,0.0,0.0,0
0,0,0,18.0,0.0,0.0,4.0,3.0,0.0,0.0,0.0,0
0,0,0,14.0,1.0,0.5,4.0,2.0,0.0,0.0,0.0,1
0,0,0,20.0,1.0,5.0,2.0,2.0,0.0,0.0,0.0,0
0,0,0,15.0,1.0,2.282200521,4.0,1.0,0.0,0.0,0.0,0
0,0,0,13.0,0.0,0.0,0.0,1.0,0.0,0.0,0.0,0
0,0,0,20.0,1.0,4.0,1.0,1.0,0.0,0.0,0.0,0
0,0,0,18.0,0.0,0.0,3.0,2.0,0.0,0.0,0.0,0
0,0,0,17.0,1.0,3.0,3.0,4.0,0.0,0.0,0.0,0
0,0,0,18.0,1.0,9.0,2.0,3.0,0.0,0.0,0.0,0
0,0,0,20.0,0.0,0.0,5.0,1.0,0.0,0.0,0.0,0
0,0,0,17.0,1.0,5.0,7.0,2.0,0.0,0.0,0.0,0
0,0,0,15.0,0.0,0.0,2.0,1.0,0.0,0.0,0.0,0
0,0,0,16.0,0.0,0.0,2.0,3.0,0.0,0.0,0.0,0
0,0,0,17.0,0.0,0.0,1.0,3.0,0.0,0.0,0.0,0
0,0,0,17.0,1.0,17.0,3.0,3.0,0.0,0.0,0.0,0
0,0,0,16.0,0.0,0.0,1.0,1.0,0.0,0.0,0.0,0
0,0,0,18.0,1.0,0.5,1.0,1.0,0.0,0.0,0.0,0
0,0,0,19.0,1.0,8.0,1.0,2.0,0.0,0.0,0.0,0
0,0,0,14.0,1.0,0.08,2.0,1.0,0.0,0.0,0.0,0
0,0,0,15.0,1.0,5.0,2.0,2.0,0.0,0.0,0.0,0
0,0,0,18.0,0.0,0.0,2.0,1.0,0.0,0.0,0.0,0
0,0,0,15.0,0.0,0.0,2.0,3.0,0.0,0.0,0.0,0
0,0,0,17.0,1.0,0.58,5.0,5.0,0.0,0.0,0.0,0
0,0,0,17.0,0.0,0.0,1.0,3.0,2.0,0.0,0.0,1
0,0,0,16.0,1.0,2.0,3.0,2.0,0.0,0.0,0.0,0
0,0,0,17.0,0.0,0.0,2.0,2.0,0.0,0.0,0.0,0
0,0,0,18.0,0.0,0.0,1.0,3.0,0.0,0.0,0.0,0
0,0,0,18.0,1.0,0.08,1.0,1.0,0.0,0.0,0.0,0
0,0,0,16.0,1.0,1.0,1.0,2.0,0.0,0.0,0.0,0
0,0,0,17.0,1.0,2.0,3.0,3.0,0.0,0.0,0.0,0
0,0,0,16.0,0.0,0.0,4.0,5.0,1.0,1.0,0.0,0
0,0,0,15.0,1.0,5.0,2.0,5.0,0.0,0.0,0.0,0
0,0,0,14.0,1.0,7.0,2.0,1.0,0.0,0.0,0.0,0
0,0,0,15.0,1.0,9.0,2.0,3.0,0.0,0.0,0.0,0
0,0,0,15.0,1.0,1.0,3.0,4.0,0.0,0.0,0.0,0
0,0,0,16.0,1.0,9.0,1.0,2.0,0.0,0.0,0.0,0
0,0,0,16.0,1.0,2.0,3.0,3.0,0.0,0.0,0.0,0
0,0,0,16.0,0.0,0.0,1.0,4.0,0.0,0.0,0.0,0
0,0,0,23.0,1.0,0.75,1.0,1.0,2.0,0.0,0.0,1
0,0,0,18.0,1.0,3.0,2.0,2.0,0.0,0.0,0.0,0
0,0,0,15.0,0.0,0.0,2.0,3.0,0.0,0.0,0.0,0
0,0,0,23.0,0.0,0.0,2.0,3.0,0.0,0.0,0.0,0
0,0,0,17.0,0.0,0.0,4.0,2.0,0.0,0.0,0.0,0
0,0,0,15.0,0.0,0.0,1.0,2.0,0.0,0.0,0.0,1
0,0,0,13.0,0.0,0.0,2.0,1.0,0.0,0.0,0.0,0
0,0,0,15.0,1.0,1.0,3.0,1.0,0.0,0.0,0.0,0
0,0,0,18.0,1.0,2.0,2.0,2.0,0.0,0.0,0.0,0
0,0,0,12.0,1.0,1.0,1.0,4.0,0.0,0.0,0.0,0
0,0,0,17.0,1.0,6.0,3.0,1.0,0.0,0.0,0.0,0
0,0,0,14.0,1.0,1.0,2.0,3.0,0.0,0.0,0.0,0
0,0,0,15.0,0.0,0.0,2.0,3.0,0.0,0.0,0.0,0
0,0,0,14.0,1.0,1.0,3.0,3.0,0.0,0.0,0.0,0
0,0,0,16.0,0.0,0.0,2.0,3.0,0.0,0.0,0.0,0
0,0,0,18.0,1.0,1.0,4.0,3.0,0.0,0.0,0.0,0
0,0,0,15.0,0.0,0.0,1.0,5.0,0.0,0.0,0.0,0
0,0,0,20.0,0.0,0.0,4.0,3.0,0.0,0.0,0.0,0
0,0,0,18.0,1.0,1.0,3.0,8.0,0.0,0.0,0.0,0
0,0,0,16.0,0.0,0.0,1.0,2.0,2.0,0.0,0.0,0
0,0,0,14.0,0.0,0.0,1.0,3.0,0.0,0.0,0.0,0
0,0,0,15.0,1.0,0.58,1.0,3.0,0.0,0.0,0.0,0
0,0,0,16.0,0.0,0.0,1.0,3.0,0.0,0.0,0.0,0
0,0,0,13.0,0.0,0.0,1.0,3.0,0.0,0.0,0.0,0
0,0,0,13.0,0.0,0.0,8.0,4.0,1.0,0.0,1.0,0
0,0,0,17.0,1.0,0.16,2.0,4.0,0.0,0.0,0.0,0
1,0,1,18.0,0.0,0.0,3.0,2.0,0.0,0.0,0.0,1
0,0,0,15.0,0.0,0.0,1.0,3.0,0.0,0.0,0.0,0
0,0,0,16.0,1.0,0.08,1.0,2.0,0.0,0.0,0.0,0
0,0,0,15.0,0.0,0.0,1.0,3.0,0.0,0.0,0.0,0
0,0,0,16.0,1.0,3.0,4.0,3.0,0.0,0.0,0.0,0
0,0,0,19.0,1.0,2.282200521,1.0,5.0,0.0,0.0,0.0,0
0,0,0,14.0,1.0,7.0,3.0,2.0,0.0,0.0,0.0,0
0,0,0,15.0,0.0,0.0,2.0,2.0,0.0,0.0,0.0,0
0,0,0,17.0,1.0,0.75,0.0,4.0,1.0,0.0,0.0,0
0,0,0,13.0,0.0,0.0,3.0,2.0,1.0,1.0,0.0,1
0,0,0,16.0,1.0,7.0,3.0,3.0,1.0,1.0,0.0,0
0,0,0,17.0,0.0,0.0,3.0,2.0,0.0,0.0,0.0,0
0,0,0,15.0,0.0,0.0,6.0,1.0,0.0,0.0,0.0,0
0,0,0,20.0,0.0,0.0,2.0,3.0,2.0,0.0,0.0,0
0,0,0,18.0,1.0,8.0,3.0,4.0,0.0,0.0,0.0,0
0,0,0,20.0,1.0,0.25,1.0,1.0,0.0,0.0,0.0,0
0,0,0,22.0,1.0,0.16,2.0,1.0,0.0,0.0,0.0,0
0,0,0,19.0,1.0,5.0,3.0,3.0,0.0,0.0,0.0,0
0,0,0,16.0,1.0,9.0,2.0,2.0,0.0,0.0,0.0,0
0,0,0,18.0,0.0,0.0,2.0,3.0,0.0,0.0,0.0,0
0,0,0,15.0,1.0,8.0,1.0,8.0,0.0,0.0,0.0,0
0,0,0,16.0,1.0,0.16,5.0,2.0,0.0,0.0,0.0,0
0,0,0,19.0,0.0,0.0,2.0,2.0,0.0,0.0,0.0,0
0,0,0,18.0,0.0,0.0,1.0,2.0,0.0,0.0,0.0,0
0,0,0,28.0,0.0,0.0,1.0,1.0,3.0,0.0,0.0,0
0,0,0,19.0,1.0,30.0,5.0,2.0,0.0,0.0,0.0,0
0,0,0,15.0,1.0,0.42,1.0,4.0,0.0,0.0,0.0,0
0,0,0,14.0,0.0,0.0,2.0,1.0,0.0,0.0,0.0,0
1,1,0,17.0,1.0,6.0,2.0,2.0,0.0,0.0,0.0,0
0,0,0,15.0,1.0,0.58,1.0,3.0,0.0,0.0,0.0,0
0,0,0,17.0,0.0,0.0,1.0,1.0,0.0,0.0,0.0,0
0,0,0,14.0,0.0,0.0,1.0,4.0,0.0,0.0,0.0,0
0,0,0,15.0,1.0,3.0,3.0,3.0,0.0,0.0,0.0,0
0,0,0,17.0,1.0,11.0,2.0,2.0,0.0,0.0,0.0,0
0,0,0,18.0,1.0,14.0,1.0,1.0,0.0,0.0,0.0,1
0,0,0,16.0,1.0,3.0,2.0,2.0,2.0,0.0,0.0,0
0,0,0,19.0,0.0,0.0,1.0,3.0,0.0,0.0,0.0,0
0,0,0,17.0,0.0,0.0,5.0,2.0,0.0,0.0,0.0,0
0,0,0,15.0,1.0,5.0,2.0,4.0,0.0,0.0,0.0,0
0,0,0,15.0,1.0,0.66,7.0,5.0,0.0,0.0,0.0,0
0,0,0,24.0,1.0,0.08,1.0,1.0,0.0,0.0,0.0,0
0,0,0,17.0,0.0,0.0,2.0,8.0,0.0,0.0,0.0,0
0,0,0,14.0,1.0,0.08,2.0,1.0,0.0,0.0,0.0,0
0,0,0,17.0,1.0,9.0,2.0,2.0,0.0,0.0,0.0,1
0,0,0,14.0,0.0,0.0,1.0,2.0,0.0,0.0,0.0,0
0,0,0,17.0,1.0,3.0,3.0,3.0,0.0,0.0,0.0,0
0,0,0,10.0,0.0,0.0,5.0,4.0,1.0,0.0,1.0,0
0,0,0,19.0,1.0,0.5,2.0,2.0,0.0,0.0,0.0,0
0,0,0,27.0,0.0,0.0,3.0,2.0,0.0,0.0,0.0,0
0,0,0,17.0,1.0,1.0,2.0,2.0,0.0,0.0,0.0,0
0,0,0,15.0,1.0,0.5,3.0,3.0,0.0,0.0,0.0,0
0,0,0,24.0,0.0,0.0,1.0,3.0,0.0,0.0,0.0,0
0,0,0,18.0,1.0,5.0,4.0,3.0,0.0,0.0,0.0,0
0,0,0,18.0,1.0,2.0,2.0,2.0,0.0,0.0,0.0,0
0,0,0,17.0,1.0,8.0,3.0,1.0,0.0,0.0,0.0,0
0,0,0,14.0,1.0,5.0,6.0,2.0,0.0,0.0,0.0,0
0,0,0,15.0,0.0,0.0,1.0,2.0,0.0,0.0,0.0,0
0,0,0,16.0,0.0,0.0,1.0,1.0,0.0,0.0,0.0,0
0,0,0,18.0,0.0,0.0,2.0,1.0,0.0,0.0,0.0,0
0,0,0,16.0,0.0,0.0,3.0,3.0,0.0,0.0,0.0,0
0,0,0,26.0,1.0,2.0,4.0,3.0,0.0,0.0,0.0,0
1,1,0,15.0,1.0,6.0,4.0,3.0,0.0,0.0,0.0,0
0,0,0,18.0,1.0,5.0,3.0,2.0,0.0,0.0,0.0,0
0,0,0,18.0,1.0,3.0,2.0,2.0,0.0,0.0,0.0,0
0,0,0,29.0,0.0,0.0,1.0,2.0,0.0,0.0,0.0,0
0,0,0,15.0,0.0,0.0,4.0,5.0,0.0,0.0,0.0,0
0,0,0,21.0,0.0,0.0,5.0,3.0,0.0,0.0,0.0,0
1,0,1,18.0,1.0,1.0,1.0,1.0,0.0,0.0,0.0,1
0,0,0,14.0,1.0,1.0,2.0,2.0,0.0,0.0,0.0,0
0,0,0,18.0,1.0,2.0,2.0,1.0,0.0,0.0,0.0,0
0,0,0,15.0,1.0,1.0,4.0,4.0,0.0,0.0,0.0,0
0,0,0,18.0,0.0,0.0,1.0,1.0,0.0,0.0,0.0,0
0,0,0,17.0,1.0,1.0,1.0,1.0,0.0,0.0,0.0,0
0,0,0,19.0,0.0,0.0,1.0,2.0,0.0,0.0,0.0,0
0,0,0,16.0,0.0,0.0,1.0,1.0,0.0,0.0,0.0,0
0,0,0,16.0,1.0,5.0,3.0,1.0,0.0,0.0,0.0,0
0,0,0,18.0,1.0,5.0,3.0,4.0,0.0,0.0,0.0,0
0,0,0,15.0,0.0,0.0,1.0,2.0,0.0,0.0,0.0,0
0,0,0,18.0,0.0,0.0,4.0,2.0,0.0,0.0,0.0,0
0,0,0,14.0,1.0,7.0,3.0,2.0,0.0,0.0,0.0,0
0,0,0,18.0,1.0,8.0,3.0,2.0,0.0,0.0,0.0,0
0,0,0,18.0,1.0,0.25,2.0,1.0,0.0,0.0,0.0,0
0,0,0,17.0,0.0,0.0,1.0,3.0,0.0,0.0,0.0,0
0,0,0,13.0,0.0,0.0,0.0,1.0,0.0,0.0,0.0,0
0,0,0,16.0,0.0,0.0,4.0,3.0,0.0,0.0,0.0,0
0,0,0,15.0,0.0,0.0,3.0,6.0,0.0,0.0,0.0,0
0,0,0,15.0,1.0,5.0,4.0,2.0,0.0,0.0,0.0,0
0,0,0,18.0,1.0,0.75,2.0,4.0,0.0,0.0,0.0,0
0,0,0,14.0,1.0,0.16,1.0,2.0,0.0,0.0,0.0,0
0,0,0,29.0,1.0,8.0,0.0,2.0,0.0,0.0,0.0,0
0,0,0,18.0,1.0,7.0,6.0,2.0,0.0,0.0,0.0,0
0,0,0,18.0,1.0,4.0,1.0,1.0,0.0,0.0,0.0,0
0,0,0,15.0,0.0,0.0,2.0,2.0,3.0,0.0,0.0,0
0,0,0,23.0,0.0,0.0,2.0,5.0,0.0,0.0,0.0,0
0,0,0,16.0,1.0,1.0,3.0,4.0,0.0,0.0,0.0,0
0,0,0,15.0,0.0,0.0,4.0,1.0,0.0,0.0,0.0,0
0,0,0,14.0,0.0,0.0,1.0,2.0,0.0,0.0,0.0,0
0,0,0,14.0,0.0,0.0,2.0,1.0,0.0,0.0,0.0,0
1,0,1,17.0,0.0,0.0,2.0,6.0,0.0,0.0,0.0,0
0,0,0,15.0,1.0,1.0,1.0,3.0,0.0,0.0,0.0,1
0,0,0,16.0,1.0,4.0,2.0,3.0,0.0,0.0,0.0,0
0,0,0,17.0,1.0,7.0,2.0,2.0,0.0,0.0,0.0,0
0,0,0,18.0,1.0,5.0,2.0,2.0,0.0,0.0,0.0,0
0,0,0,20.0,1.0,3.0,2.0,1.0,0.0,0.0,0.0,0
0,0,0,19.0,1.0,13.0,3.0,3.0,0.0,0.0,0.0,1
0,0,0,15.0,1.0,9.0,4.0,1.0,0.0,0.0,0.0,0
0,0,0,16.0,0.0,0.0,1.0,2.0,3.0,1.0,0.0,0
0,0,0,15.0,1.0,5.0,1.0,8.0,0.0,0.0,0.0,0
0,0,0,26.0,1.0,0.25,1.0,6.0,0.0,0.0,0.0,0
0,0,0,14.0,1.0,8.0,6.0,3.0,0.0,0.0,0.0,0
0,0,0,21.0,1.0,2.0,2.0,2.0,0.0,0.0,0.0,0
0,0,0,19.0,1.0,6.0,2.0,1.0,0.0,0.0,0.0,0
0,0,0,15.0,1.0,1.0,2.0,2.0,3.0,1.0,0.0,0
0,0,0,13.0,0.0,0.0,2.0,2.0,0.0,0.0,0.0,0
0,0,0,17.0,0.0,0.0,1.0,2.0,0.0,0.0,0.0,0
0,0,0,15.0,1.0,6.0,2.0,2.0,0.0,0.0,0.0,1
0,0,0,19.0,1.0,0.67,2.0,1.0,0.0,0.0,0.0,0
0,0,0,17.0,1.0,10.0,2.0,2.0,0.0,0.0,0.0,0
0,0,0,13.0,0.0,0.0,2.0,2.0,0.0,0.0,0.0,0
0,0,0,18.0,1.0,0.66,2.0,2.0,0.0,0.0,0.0,0
0,0,0,18.0,1.0,6.0,2.0,1.0,0.0,0.0,0.0,0
0,0,0,16.0,0.0,0.0,1.0,10.0,0.0,0.0,0.0,0
0,0,0,23.0,0.0,0.0,2.0,3.0,1.0,1.0,0.0,0
0,0,0,15.0,1.0,0.33,1.0,1.0,0.0,0.0,0.0,0
0,0,0,19.0,0.0,0.0,1.0,1.0,0.0,0.0,0.0,0
0,0,0,16.0,1.0,1.0,3.0,1.0,0.0,0.0,0.0,0
0,0,0,15.0,1.0,2.0,2.0,2.0,0.0,0.0,0.0,0
0,0,0,27.0,0.0,0.0,2.0,2.0,0.0,0.0,0.0,0
